[{"model": "admin.logentry", "pk": 1, "fields": {"action_time": "2024-12-19T06:08:22.278Z", "user": 1, "content_type": 9, "object_id": "1", "object_repr": "Catogary object (1)", "action_flag": 1, "change_message": "[{\"added\": {}}]"}}, {"model": "admin.logentry", "pk": 2, "fields": {"action_time": "2024-12-19T06:08:28.459Z", "user": 1, "content_type": 9, "object_id": "2", "object_repr": "Catogary object (2)", "action_flag": 1, "change_message": "[{\"added\": {}}]"}}, {"model": "admin.logentry", "pk": 3, "fields": {"action_time": "2024-12-19T06:08:35.982Z", "user": 1, "content_type": 9, "object_id": "3", "object_repr": "Catogary object (3)", "action_flag": 1, "change_message": "[{\"added\": {}}]"}}, {"model": "admin.logentry", "pk": 4, "fields": {"action_time": "2024-12-19T06:08:52.212Z", "user": 1, "content_type": 9, "object_id": "4", "object_repr": "Catogary object (4)", "action_flag": 1, "change_message": "[{\"added\": {}}]"}}, {"model": "admin.logentry", "pk": 5, "fields": {"action_time": "2024-12-19T06:09:21.805Z", "user": 1, "content_type": 9, "object_id": "4", "object_repr": "Catogary object (4)", "action_flag": 3, "change_message": ""}}, {"model": "admin.logentry", "pk": 6, "fields": {"action_time": "2024-12-19T06:25:31.348Z", "user": 1, "content_type": 8, "object_id": "1", "object_repr": "Product object (1)", "action_flag": 1, "change_message": "[{\"added\": {}}]"}}, {"model": "admin.logentry", "pk": 7, "fields": {"action_time": "2024-12-19T06:26:10.212Z", "user": 1, "content_type": 8, "object_id": "2", "object_repr": "Product object (2)", "action_flag": 1, "change_message": "[{\"added\": {}}]"}}, {"model": "admin.logentry", "pk": 8, "fields": {"action_time": "2024-12-19T06:26:46.819Z", "user": 1, "content_type": 8, "object_id": "3", "object_repr": "Product object (3)", "action_flag": 1, "change_message": "[{\"added\": {}}]"}}, {"model": "admin.logentry", "pk": 9, "fields": {"action_time": "2024-12-19T07:27:12.251Z", "user": 1, "content_type": 8, "object_id": "4", "object_repr": "Xiaomi Redmi Note 14 Pro+ 5G", "action_flag": 1, "change_message": "[{\"added\": {}}]"}}, {"model": "admin.logentry", "pk": 10, "fields": {"action_time": "2024-12-19T07:28:05.125Z", "user": 1, "content_type": 8, "object_id": "5", "object_repr": "Redmi Note 14 Pro 5G", "action_flag": 1, "change_message": "[{\"added\": {}}]"}}, {"model": "admin.logentry", "pk": 11, "fields": {"action_time": "2024-12-19T07:28:42.919Z", "user": 1, "content_type": 8, "object_id": "6", "object_repr": "iQOO 13 5G", "action_flag": 1, "change_message": "[{\"added\": {}}]"}}, {"model": "admin.logentry", "pk": 12, "fields": {"action_time": "2024-12-19T07:33:20.650Z", "user": 1, "content_type": 8, "object_id": "7", "object_repr": "Apple MacBook Air M1 MGN63HN/A Ultrabook", "action_flag": 1, "change_message": "[{\"added\": {}}]"}}, {"model": "admin.logentry", "pk": 13, "fields": {"action_time": "2024-12-19T07:34:42.307Z", "user": 1, "content_type": 8, "object_id": "8", "object_repr": "ASUS TUF Gaming A15 FA577RM-HF031WS Laptop", "action_flag": 1, "change_message": "[{\"added\": {}}]"}}, {"model": "admin.logentry", "pk": 14, "fields": {"action_time": "2024-12-19T07:51:19.537Z", "user": 1, "content_type": 8, "object_id": "9", "object_repr": "HP Pavilion 15-eg2039TU (6D4L1PA) Laptop", "action_flag": 1, "change_message": "[{\"added\": {}}]"}}, {"model": "admin.logentry", "pk": 15, "fields": {"action_time": "2024-12-19T08:31:41.695Z", "user": 1, "content_type": 10, "object_id": "1", "object_repr": "smk", "action_flag": 1, "change_message": "[{\"added\": {}}]"}}, {"model": "admin.logentry", "pk": 16, "fields": {"action_time": "2024-12-21T06:59:20.926Z", "user": 1, "content_type": 10, "object_id": "1", "object_repr": "smk", "action_flag": 3, "change_message": ""}}, {"model": "admin.logentry", "pk": 17, "fields": {"action_time": "2024-12-23T05:42:56.715Z", "user": 1, "content_type": 9, "object_id": "5", "object_repr": "bags", "action_flag": 1, "change_message": "[{\"added\": {}}]"}}, {"model": "admin.logentry", "pk": 18, "fields": {"action_time": "2024-12-23T05:43:45.557Z", "user": 1, "content_type": 8, "object_id": "10", "object_repr": "Urban Jungle by Safari Venture Workpack 23 Liters", "action_flag": 1, "change_message": "[{\"added\": {}}]"}}, {"model": "admin.logentry", "pk": 19, "fields": {"action_time": "2024-12-23T06:07:59.927Z", "user": 1, "content_type": 8, "object_id": "11", "object_repr": "FUR JADEN Vegan Leather Stylish Casual Laptop Back", "action_flag": 1, "change_message": "[{\"added\": {}}]"}}, {"model": "admin.logentry", "pk": 20, "fields": {"action_time": "2024-12-23T06:08:36.045Z", "user": 1, "content_type": 8, "object_id": "11", "object_repr": "FUR JADEN Vegan Leather Stylish Casual Laptop Back", "action_flag": 2, "change_message": "[{\"changed\": {\"fields\": [\"Desc\"]}}]"}}, {"model": "admin.logentry", "pk": 21, "fields": {"action_time": "2024-12-23T06:12:22.029Z", "user": 1, "content_type": 8, "object_id": "12", "object_repr": "uppercase Medium 17 Ltrs Vegan Leather (upto 14 in", "action_flag": 1, "change_message": "[{\"added\": {}}]"}}, {"model": "admin.logentry", "pk": 22, "fields": {"action_time": "2025-01-08T11:30:56.704Z", "user": 1, "content_type": 9, "object_id": "6", "object_repr": "shoes", "action_flag": 1, "change_message": "[{\"added\": {}}]"}}, {"model": "admin.logentry", "pk": 23, "fields": {"action_time": "2025-01-08T11:32:28.622Z", "user": 1, "content_type": 8, "object_id": "13", "object_repr": "High tops air casual long partywear ankle jordan s", "action_flag": 1, "change_message": "[{\"added\": {}}]"}}, {"model": "admin.logentry", "pk": 24, "fields": {"action_time": "2025-01-08T11:34:10.192Z", "user": 1, "content_type": 8, "object_id": "14", "object_repr": "Sneakers For Men  (Black , 8)", "action_flag": 1, "change_message": "[{\"added\": {}}]"}}, {"model": "admin.logentry", "pk": 25, "fields": {"action_time": "2025-01-08T11:36:04.570Z", "user": 1, "content_type": 8, "object_id": "15", "object_repr": "Lace Sneakers For Boys  (Light Blue, 10.5-11 YEARS", "action_flag": 1, "change_message": "[{\"added\": {}}]"}}, {"model": "admin.logentry", "pk": 26, "fields": {"action_time": "2025-01-08T11:37:30.853Z", "user": 1, "content_type": 8, "object_id": "16", "object_repr": "Vaniya Shoes  Women Casual Sandal  (Black , 8)", "action_flag": 1, "change_message": "[{\"added\": {}}]"}}, {"model": "admin.logentry", "pk": 27, "fields": {"action_time": "2025-01-22T06:58:24.973Z", "user": 1, "content_type": 10, "object_id": "15", "object_repr": "qwerty", "action_flag": 1, "change_message": "[{\"added\": {}}]"}}, {"model": "admin.logentry", "pk": 28, "fields": {"action_time": "2025-01-22T06:58:40.856Z", "user": 1, "content_type": 10, "object_id": "15", "object_repr": "qwerty", "action_flag": 3, "change_message": ""}}, {"model": "auth.permission", "pk": 1, "fields": {"name": "Can add log entry", "content_type": 1, "codename": "add_logentry"}}, {"model": "auth.permission", "pk": 2, "fields": {"name": "Can change log entry", "content_type": 1, "codename": "change_logentry"}}, {"model": "auth.permission", "pk": 3, "fields": {"name": "Can delete log entry", "content_type": 1, "codename": "delete_logentry"}}, {"model": "auth.permission", "pk": 4, "fields": {"name": "Can view log entry", "content_type": 1, "codename": "view_logentry"}}, {"model": "auth.permission", "pk": 5, "fields": {"name": "Can add permission", "content_type": 2, "codename": "add_permission"}}, {"model": "auth.permission", "pk": 6, "fields": {"name": "Can change permission", "content_type": 2, "codename": "change_permission"}}, {"model": "auth.permission", "pk": 7, "fields": {"name": "Can delete permission", "content_type": 2, "codename": "delete_permission"}}, {"model": "auth.permission", "pk": 8, "fields": {"name": "Can view permission", "content_type": 2, "codename": "view_permission"}}, {"model": "auth.permission", "pk": 9, "fields": {"name": "Can add group", "content_type": 3, "codename": "add_group"}}, {"model": "auth.permission", "pk": 10, "fields": {"name": "Can change group", "content_type": 3, "codename": "change_group"}}, {"model": "auth.permission", "pk": 11, "fields": {"name": "Can delete group", "content_type": 3, "codename": "delete_group"}}, {"model": "auth.permission", "pk": 12, "fields": {"name": "Can view group", "content_type": 3, "codename": "view_group"}}, {"model": "auth.permission", "pk": 13, "fields": {"name": "Can add user", "content_type": 4, "codename": "add_user"}}, {"model": "auth.permission", "pk": 14, "fields": {"name": "Can change user", "content_type": 4, "codename": "change_user"}}, {"model": "auth.permission", "pk": 15, "fields": {"name": "Can delete user", "content_type": 4, "codename": "delete_user"}}, {"model": "auth.permission", "pk": 16, "fields": {"name": "Can view user", "content_type": 4, "codename": "view_user"}}, {"model": "auth.permission", "pk": 17, "fields": {"name": "Can add content type", "content_type": 5, "codename": "add_contenttype"}}, {"model": "auth.permission", "pk": 18, "fields": {"name": "Can change content type", "content_type": 5, "codename": "change_contenttype"}}, {"model": "auth.permission", "pk": 19, "fields": {"name": "Can delete content type", "content_type": 5, "codename": "delete_contenttype"}}, {"model": "auth.permission", "pk": 20, "fields": {"name": "Can view content type", "content_type": 5, "codename": "view_contenttype"}}, {"model": "auth.permission", "pk": 21, "fields": {"name": "Can add session", "content_type": 6, "codename": "add_session"}}, {"model": "auth.permission", "pk": 22, "fields": {"name": "Can change session", "content_type": 6, "codename": "change_session"}}, {"model": "auth.permission", "pk": 23, "fields": {"name": "Can delete session", "content_type": 6, "codename": "delete_session"}}, {"model": "auth.permission", "pk": 24, "fields": {"name": "Can view session", "content_type": 6, "codename": "view_session"}}, {"model": "auth.permission", "pk": 25, "fields": {"name": "Can add products", "content_type": 7, "codename": "add_products"}}, {"model": "auth.permission", "pk": 26, "fields": {"name": "Can change products", "content_type": 7, "codename": "change_products"}}, {"model": "auth.permission", "pk": 27, "fields": {"name": "Can delete products", "content_type": 7, "codename": "delete_products"}}, {"model": "auth.permission", "pk": 28, "fields": {"name": "Can view products", "content_type": 7, "codename": "view_products"}}, {"model": "auth.permission", "pk": 29, "fields": {"name": "Can add product", "content_type": 8, "codename": "add_product"}}, {"model": "auth.permission", "pk": 30, "fields": {"name": "Can change product", "content_type": 8, "codename": "change_product"}}, {"model": "auth.permission", "pk": 31, "fields": {"name": "Can delete product", "content_type": 8, "codename": "delete_product"}}, {"model": "auth.permission", "pk": 32, "fields": {"name": "Can view product", "content_type": 8, "codename": "view_product"}}, {"model": "auth.permission", "pk": 33, "fields": {"name": "Can add catogary", "content_type": 9, "codename": "add_catogary"}}, {"model": "auth.permission", "pk": 34, "fields": {"name": "Can change catogary", "content_type": 9, "codename": "change_catogary"}}, {"model": "auth.permission", "pk": 35, "fields": {"name": "Can delete catogary", "content_type": 9, "codename": "delete_catogary"}}, {"model": "auth.permission", "pk": 36, "fields": {"name": "Can view catogary", "content_type": 9, "codename": "view_catogary"}}, {"model": "auth.permission", "pk": 37, "fields": {"name": "Can add user registration", "content_type": 10, "codename": "add_userregistration"}}, {"model": "auth.permission", "pk": 38, "fields": {"name": "Can change user registration", "content_type": 10, "codename": "change_userregistration"}}, {"model": "auth.permission", "pk": 39, "fields": {"name": "Can delete user registration", "content_type": 10, "codename": "delete_userregistration"}}, {"model": "auth.permission", "pk": 40, "fields": {"name": "Can view user registration", "content_type": 10, "codename": "view_userregistration"}}, {"model": "auth.permission", "pk": 41, "fields": {"name": "Can add order", "content_type": 11, "codename": "add_order"}}, {"model": "auth.permission", "pk": 42, "fields": {"name": "Can change order", "content_type": 11, "codename": "change_order"}}, {"model": "auth.permission", "pk": 43, "fields": {"name": "Can delete order", "content_type": 11, "codename": "delete_order"}}, {"model": "auth.permission", "pk": 44, "fields": {"name": "Can view order", "content_type": 11, "codename": "view_order"}}, {"model": "auth.permission", "pk": 45, "fields": {"name": "Can add payment", "content_type": 12, "codename": "add_payment"}}, {"model": "auth.permission", "pk": 46, "fields": {"name": "Can change payment", "content_type": 12, "codename": "change_payment"}}, {"model": "auth.permission", "pk": 47, "fields": {"name": "Can delete payment", "content_type": 12, "codename": "delete_payment"}}, {"model": "auth.permission", "pk": 48, "fields": {"name": "Can view payment", "content_type": 12, "codename": "view_payment"}}, {"model": "auth.user", "pk": 1, "fields": {"password": "pbkdf2_sha256$870000$H0w6QZSihm6iLB8DI5YtPA$BCJX39Kx7sSyuNyjjFs6TMB15pnQ3ugh1c5/B0fysRQ=", "last_login": "2025-01-22T06:56:26.550Z", "is_superuser": true, "username": "admin", "first_name": "", "last_name": "", "email": "roronoasmk@gmail.com", "is_staff": true, "is_active": true, "date_joined": "2024-12-19T05:22:58.694Z", "groups": [], "user_permissions": []}}, {"model": "contenttypes.contenttype", "pk": 1, "fields": {"app_label": "admin", "model": "logentry"}}, {"model": "contenttypes.contenttype", "pk": 2, "fields": {"app_label": "auth", "model": "permission"}}, {"model": "contenttypes.contenttype", "pk": 3, "fields": {"app_label": "auth", "model": "group"}}, {"model": "contenttypes.contenttype", "pk": 4, "fields": {"app_label": "auth", "model": "user"}}, {"model": "contenttypes.contenttype", "pk": 5, "fields": {"app_label": "contenttypes", "model": "contenttype"}}, {"model": "contenttypes.contenttype", "pk": 6, "fields": {"app_label": "sessions", "model": "session"}}, {"model": "contenttypes.contenttype", "pk": 7, "fields": {"app_label": "store", "model": "products"}}, {"model": "contenttypes.contenttype", "pk": 8, "fields": {"app_label": "store", "model": "product"}}, {"model": "contenttypes.contenttype", "pk": 9, "fields": {"app_label": "store", "model": "catogary"}}, {"model": "contenttypes.contenttype", "pk": 10, "fields": {"app_label": "store", "model": "userregistration"}}, {"model": "contenttypes.contenttype", "pk": 11, "fields": {"app_label": "store", "model": "order"}}, {"model": "contenttypes.contenttype", "pk": 12, "fields": {"app_label": "payments", "model": "payment"}}, {"model": "sessions.session", "pk": "08nmdkoybpxdyv84v6zte7r5nnsuzp49", "fields": {"session_data": ".eJwtjk0PgjAQRP9Ks2ciQQ-G3vzAgyEeNHolK6xlkZZa2gMS_rsSvUzmZfKSGaFE50GOkCRzGtQEEg7Xszhu9tlJ3EihETmhr8mJix9a7muxwz5gK3K0vrNii-UTIrCOy1lO1mn6xVdA49kPIJcRsEY1b7GmijFmreJHcEWDFZnijmrRWAXTFEHoyRVcgVz9-v_Qu3MdTB_zqTja:1tSqIn:46NT6Y-u41w62xvRb7GfoKIVNX695ZE6RlZkWlT8vsc", "expire_date": "2025-01-15T04:25:49.376Z"}}, {"model": "sessions.session", "pk": "0v06y8sswwtsrxsxikgvgz0bog576em7", "fields": {"session_data": "eyJ1c2VyX2lkIjozLCJ1c2VybmFtZSI6Inpvcm8ifQ:1taURs:oRgqENnMbU9QAildBecAcFdYAs3dty39MyPVf3a354U", "expire_date": "2025-02-05T06:42:48.580Z"}}, {"model": "sessions.session", "pk": "3hzgiuhxqzpltevzxt2mcgjpqfezabm3", "fields": {"session_data": "eyJ1c2VyX2lkIjoxNiwidXNlcm5hbWUiOiJyb2JpbiJ9:1taUt2:Rk8S4Shr0X6hko5l0Z_2U-gW3IkP3cfUM2uKsHCwYX0", "expire_date": "2025-02-05T07:10:52.262Z"}}, {"model": "sessions.session", "pk": "51ww198zvc4lccmvxiyoivxwsyrx0wqc", "fields": {"session_data": "eyJ1c2VyX2lkIjozLCJ1c2VybmFtZSI6Inpvcm8ifQ:1tV1nS:tuWLA7_bibSMwFHFeED-bV_Z4O-C-IYz7zhuLKYRaNs", "expire_date": "2025-01-21T05:06:30.941Z"}}, {"model": "sessions.session", "pk": "9kd6d2ylubek4wwtrpgv97oe4eb3dd22", "fields": {"session_data": ".eJxVjMsOwiAQRf-FtSE8Bgou3fcbyDCDUjU0Ke3K-O_apAvd3nPOfYmE21rT1suSJhZnocXpd8tIj9J2wHdst1nS3NZlynJX5EG7HGcuz8vh_h1U7PVbezsMwQEVZ7NB5ZQpcI3aqUieMaCK6MEiQTaGXbAqe_LBILPTxgKI9wfBwzb_:1tO92E:YEABqwVGAmNj1N0E6y6E5wyUQoXZ-7Bac5Q4b3B9SZs", "expire_date": "2025-01-02T05:25:18.258Z"}}, {"model": "sessions.session", "pk": "d04ma3pdqhjp2wf6tnmcin4oi2v08ja3", "fields": {"session_data": ".eJwtTMsKgzAQ_JUy52Csx_xGe5dVQ1hhF83jIJJ_b9J2DgPzvFGSjzNvcM_RfIWSeDio1wKDlWKGuzF1-kcvklQ0PN60tMYRee3uNDY0fRbSzPlqjwYsFHpoxW9MliXY9FvPmZZhPwJqrR8hrSs-:1tQ1o6:Yn0g0vz1QOV33gzEBhkP_vhh3gzg4jneGxvLCifJwRs", "expire_date": "2025-01-07T10:06:30.310Z"}}, {"model": "sessions.session", "pk": "hypspcvrjjb9ipfa1nemxrv8548ly7i3", "fields": {"session_data": ".eJxVjMsOwiAQRf-FtSE8Bgou3fcbyDCDUjU0Ke3K-O_apAvd3nPOfYmE21rT1suSJhZnocXpd8tIj9J2wHdst1nS3NZlynJX5EG7HGcuz8vh_h1U7PVbezsMwQEVZ7NB5ZQpcI3aqUieMaCK6MEiQTaGXbAqe_LBILPTxgKI9wfBwzb_:1tUnYo:2gTa60FHtZauh7UUQmZgg9-hIZm3iBeoG_1VdgIzeeY", "expire_date": "2025-01-20T13:54:26.973Z"}}, {"model": "sessions.session", "pk": "j9q60qovy0lic3eb6lyzfyflxlvc39de", "fields": {"session_data": ".eJxVjztvhDAQhP8K2hqBAZtXxzVJw3Wp0foR8PGwA0ZRdOK_B0co0jWr3flmRton7JtaOy2hpuHfvuCsoIYRtTQQQoe7G7p_EySvGkcxqsUD-cClN5Ewi1s1j7wluugWtUaq6XZ5XwoG3IYznWdFUTIqFMt4ioSRVNHPKmGkErnEEkmFOc1QUJ6mkpUZ4bnIyxSlZEmaUXqWClwd1E8o_Li-aKydVNCiuBkzBo1egzYJ2rd7nr3f4yb4mNyK_ERn3K5a-EhRMULO-2vHxWn3A3USgp6x9zCeldQY67mP0VdP3YTWGRt9K27hOI5f46Rrqg:1tOUgL:K84z-PynsUco446RwshOk1Mf8pnHx--VI6yo7I8g8L8", "expire_date": "2025-01-03T04:32:09.178Z"}}, {"model": "sessions.session", "pk": "jnwooy5qchp4oiy0kizs4jagarlhctqz", "fields": {"session_data": ".eJxVj8tOxDAMRX8FeV21aV7TdsmeFewr50GagaRDky7QqP9OAhXSeGHZvudeyXfYk91mb2Aamt85YrAwAWoLDcy452X-R6B_vCnUHzZWwVwxurXVa8ybV21F2lNN7ctq7OfzyT4ELJiW4pbschkE11YwRZEIQi1_H3tBRi0NDkhGlJyh5opSIwZGlNRyoGiM6CnjvIRq3DJMd6C1nT-8Ykh7dE9vqApx27yuV0pKlf1rx5h9_oapb8AHdFXsgjUeOx9cl_7cc0bVXm8OjuP4AUhAYLo:1tPKBu:IrwxOu47WJbxYbOPh201fytv0c54_7STqNrQG5HFt3Y", "expire_date": "2025-01-05T11:32:10.058Z"}}, {"model": "sessions.session", "pk": "m6qa6ox9jhpkcrwmhqi4m77c8g89we4u", "fields": {"session_data": ".eJyNjkFvwjAMhf9K5NOQOkrpWtTeOk0aB4oqDc6VW6KQkaRZkg4hxH9fMjj0iA-W7af3Pl-hR-OgvEIamkJJoYQvlHZUjOywW0IE2vA-nNOFL7__jKgcdxcokwi4RBbEWNIDx5hLFtu7vXXePv_WDG4RFJP4dUMa_OWCD4ok2Stly0Va7PbkJf942yRNNSMb1G7QE3SePYc-6vmZdjoQVxNipbWgpMb-fRhOpOKG1AmpP7d5ut7GFdkLZ7Dz0oS4KrKniBiiRSv-P37APX201LT8AGV2nx-P2COqk4XbH6-DdWY:1tOs2c:5fSPMNyKzV6Agil7bJyzjZQcJ5VXMTJ_cRo4vQbZ4_k", "expire_date": "2025-01-04T05:28:42.604Z"}}, {"model": "sessions.session", "pk": "pi7r3mj75ely4tver673tsr0cnn1zaao", "fields": {"session_data": ".eJyNkctuwyAQRX8FsY4cgx-xs-tzUaVdNG231vAI4MbYBbyIovx7sWxVya6zGGnm3jm6gjNuYAy6Gb10jRF4iwleXe8Y8G9pJ0G0YFWf8N4GZ1gyWZJF9clrL-TxfvHeADR4Ha_LbLOpipzLImMU0iKlMj_UpEhrXgqoIK2hzDPgOaNUFFWWspKXFQUhCkKzPI_Qv4yEzIOFTka0Buc1RAMHF_D2jOnUFnEPnR-tQh_AomNwhk9bmsaK888INphwiswVNh2oSVx3UhhYm06t_XzdBGBJOyh8WWFCrujPn-_o5e7x6Q19SQUW7SQELR3ah9PReI0ewI9wRDsYQj-g6X2uQpBNXf8jw2F0TQtC2vgXak5xufwCA4SNPg:1tUPkI:2m7tYdqmUqGPSJmgjkd1MqsMLHgfbQ-j5T3Xl_UH1gE", "expire_date": "2025-01-19T12:28:42.117Z"}}, {"model": "store.catogary", "pk": 1, "fields": {"name": "mobile"}}, {"model": "store.catogary", "pk": 2, "fields": {"name": "laptop"}}, {"model": "store.catogary", "pk": 3, "fields": {"name": "tablet"}}, {"model": "store.catogary", "pk": 5, "fields": {"name": "bags"}}, {"model": "store.catogary", "pk": 6, "fields": {"name": "shoes"}}, {"model": "store.product", "pk": 1, "fields": {"name": "Lenovo Tab", "category": 3, "image": "img/Lenovo_Tab.jpg", "desc": "Best Tab for students", "price": 10000}}, {"model": "store.product", "pk": 2, "fields": {"name": "Samsung Tab", "category": 3, "image": "img/samsung_tab.jpg", "desc": "Best For professional", "price": 20000}}, {"model": "store.product", "pk": 3, "fields": {"name": "Samsung Tab2", "category": 3, "image": "img/samsung_tab2.jpg", "desc": "best for programers", "price": 30000}}, {"model": "store.product", "pk": 4, "fields": {"name": "Xiaomi Redmi Note 14 Pro+ 5G", "category": 1, "image": "img/Xiaomi_Redmi_Note_14_Pro_5G.webp", "desc": "MediaTek Dimensity 7300 Ultra Octa core50+8+2 MP Rear Camera20 MP Front Camera6.67ΓÇ│ (16.94 cm) 120Hz AMOLED Display8 GB RAM | 128 GB Storage5500 mAh | 45W Fast ChargingAndroid v14 OS5G | Fingerprint Sensor", "price": 25000}}, {"model": "store.product", "pk": 5, "fields": {"name": "Redmi Note 14 Pro 5G", "category": 1, "image": "img/Redmi_Note_14_Pro_5G.webp", "desc": "core50+8+2 MP Rear Camera20 MP Front Camera6.67ΓÇ│ (16.94 cm) 120Hz AMOLED Display8 GB RAM | 128 GB Storage5500 mAh | 45W Fast ChargingAndroid v14 OS5G | Fingerprint Sensor", "price": 30000}}, {"model": "store.product", "pk": 6, "fields": {"name": "iQOO 13 5G", "category": 1, "image": "img/iqoo_13.webp", "desc": "Snapdragon 8 Elite Octa core50+50+50 MP Rear Camera32 MP Front Camera6.82ΓÇ│ (17.32 cm) 144Hz LTPO AMOLED Display12 GB RAM | 256 GB Storage6000 mAh | 120W Fast ChargingAndroid v15 OS5G | NFC | Fingerprint Sensor", "price": 35000}}, {"model": "store.product", "pk": 7, "fields": {"name": "Apple MacBook Air M1 MGN63HN/A Ultrabook", "category": 2, "image": "img/applel_laptop.webp", "desc": "Apple M1, 2.9 Ghz Processor\r\n8 GB RAM | 256 GB SSD Storage\r\n13.3ΓÇ│ (33.78 cm) LED Display\r\n30W, Upto 15 Hrs Battery Life\r\nmacOS Big Sur", "price": 79500}}, {"model": "store.product", "pk": 8, "fields": {"name": "ASUS TUF Gaming A15 FA577RM-HF031WS Laptop", "category": 2, "image": "img/asus_tuf.webp", "desc": "AMD Octa Core Ryzen 7 - 6800H, 4.7 Ghz Processor\r\n16 GB RAM | 1 TB SSD Storage\r\n15.6ΓÇ│ (39.62 cm) Display\r\nNVIDIA GeForce RTX 3060 GPU, 6 GB VRAM\r\n90W Adapter", "price": 96000}}, {"model": "store.product", "pk": 9, "fields": {"name": "HP Pavilion 15-eg2039TU (6D4L1PA) Laptop", "category": 2, "image": "img/hp.webp", "desc": "Intel Core i7-1260P (12th Gen), 2.7 Ghz Processor\r\n16 GB RAM | 1 TB SSD Storage\r\n15.6ΓÇ│ (39.62 cm) Display\r\nIntel Iris Xe GPU\r\n65W Adapter", "price": 65000}}, {"model": "store.product", "pk": 10, "fields": {"name": "Urban Jungle by Safari Venture Workpack 23 Liters", "category": 5, "image": "img/urban_jungle_backpack.jpg", "desc": "Premium High-Strength Fabric: Crafted from premium, lightweight polyester fabric, this olive backpack offers exceptional durability and water resistance, while the vibrant orange highlights make it extremely easy on the eyes. The easy-to-clean material ensures your backpack remains pristine, no matter where your journey takes you.", "price": 4495}}, {"model": "store.product", "pk": 11, "fields": {"name": "FUR JADEN Vegan Leather Stylish Casual Laptop Back", "category": 5, "image": "img/fur_jaden_bag.jpg", "desc": "Stylish Design: The sleek and modern design of the backpack adds a touch of sophistication to your everyday look. Perfect for work, travel, or casual outings. Made from durable and eco-friendly vegan leather, this backpack is a guilt-free fashion choice.\r\nComfortable to Carry: Padded shoulder straps provide comfort during extended wear, while the back panel is designed for breathability, making it suitable for long commutes or travel.", "price": 1799}}, {"model": "store.product", "pk": 12, "fields": {"name": "uppercase Medium 17 Ltrs Vegan Leather (upto 14 in", "category": 5, "image": "img/uppercase_bag.jpg", "desc": "WRINKLE-FREE & WATER RESISTANT- Uncover enduring style and durability in our uppercase Vegan Leather Travel Wear Laptop Bag for Men, Women, Boys, and Girls. Meticulously crafted with premium materials, this backpack ensures a wrinkle-free, water-resistant experience, complete with rainproof zippers for maximum protection. Elevate every journey with this superior, long-lasting backpack designed to accompany you through all adventures.", "price": 1399}}, {"model": "store.product", "pk": 13, "fields": {"name": "High tops air casual long partywear ankle jordan s", "category": 6, "image": "img/jordan_1.webp", "desc": "best shoes for styling", "price": 599}}, {"model": "store.product", "pk": 14, "fields": {"name": "Sneakers For Men  (Black , 8)", "category": 6, "image": "img/black_shoes.webp", "desc": "best for men", "price": 1399}}, {"model": "store.product", "pk": 15, "fields": {"name": "Lace Sneakers For Boys  (Light Blue, 10.5-11 YEARS", "category": 6, "image": "img/lace_sneakers.webp", "desc": "best for children", "price": 409}}, {"model": "store.product", "pk": 16, "fields": {"name": "Vaniya Shoes  Women Casual Sandal  (Black , 8)", "category": 6, "image": "img/vaniya_shoes.webp", "desc": "best for womens", "price": 499}}, {"model": "store.userregistration", "pk": 2, "fields": {"username": "fresh", "email": "fre@gmail.com", "gender": "M", "password": "pbkdf2_sha256$870000$iLRt1F6sBgF0f2yMrsazmP$0+OKvHcaHD8wHZapHyo07enZFqJ5R5Af7OwiiWv6JrM="}}, {"model": "store.userregistration", "pk": 3, "fields": {"username": "zoro", "email": "zoro@gmail.com", "gender": "M", "password": "pbkdf2_sha256$870000$SB7rprvYJEqxmgokL58wNh$GRN/XNzWc4kurxnR2r2CiOEsHME2sLd2NELlx8Z2p7k="}}, {"model": "store.userregistration", "pk": 4, "fields": {"username": "kaido", "email": "kaido@gmail.com", "gender": "M", "password": "pbkdf2_sha256$870000$4cBTVZ1aOAdQHPOO9cmlB5$SNITFwaLcXX+T61IwlxK5GVXkSrlF3C8V09x5b04VQU="}}, {"model": "store.userregistration", "pk": 5, "fields": {"username": "shanks", "email": "shanks@gmail.com", "gender": "M", "password": "pbkdf2_sha256$870000$BQhyJS8B2zm1ey5MRqLCjX$StBGBqi0q7ylH+VucoOxSzMp79IHTTMvSMp2NRfm5Vo="}}, {"model": "store.userregistration", "pk": 6, "fields": {"username": "smk", "email": "smk@gmail.com", "gender": "M", "password": "pbkdf2_sha256$870000$EZxynbb4bG8GtErmSxVWod$GcJBfjbNMfB7nqlnjNBx27vamP20zsTGT3DqvaQXbt4="}}, {"model": "store.userregistration", "pk": 7, "fields": {"username": "loki", "email": "loki@gmail.com", "gender": "M", "password": "pbkdf2_sha256$870000$GV0Fvgp5IAOJmLon0JAobN$rdQHb4YcwzZ4CjGaXE6FktNcuVBbYMDzleu2/KzQHno="}}, {"model": "store.userregistration", "pk": 8, "fields": {"username": "ace", "email": "ace@gmail.com", "gender": "M", "password": "pbkdf2_sha256$870000$GQfscEV2fEpGzjgxGmHH7k$LCB1dM2G5DDrOkmtDvw5OftcJJk4jSsUClUH3bv/IFc="}}, {"model": "store.userregistration", "pk": 9, "fields": {"username": "mihawk", "email": "mihawk@gmail.com", "gender": "M", "password": "pbkdf2_sha256$870000$2zUY6kQgryw7QNyMsw2fYJ$3xsfYeTHiKf6BPozJcrnNXg9nYzpbhgIolEhKBDKIKg="}}, {"model": "store.userregistration", "pk": 10, "fields": {"username": "nenu", "email": "nenu@gmail.com", "gender": "M", "password": "pbkdf2_sha256$870000$wrhKGoxhb6MEiUgTJaZz8m$7BdGF0tcoPxKrhclOj6kq3pd1dTdaZoIICHnu3vScpg="}}, {"model": "store.userregistration", "pk": 11, "fields": {"username": "harsha", "email": "harsha@gmail.com", "gender": "M", "password": "pbkdf2_sha256$870000$vqGCTj6NsU4AdM1MLkIfbP$O3j5bhUppvUMbHuRSiu7OlshhO/hn2OTkFw1BJ+6YAo="}}, {"model": "store.userregistration", "pk": 12, "fields": {"username": "pedro", "email": "pedro@gmail.com", "gender": "M", "password": "pbkdf2_sha256$870000$PlBJtBxsP9vrD05w1wErwF$pqt7VM9HbRS4c+XmfcgRFumnOnNehsJO077J5jZ703c="}}, {"model": "store.userregistration", "pk": 13, "fields": {"username": "sasuke", "email": "sasuke@gmail.com", "gender": "M", "password": "pbkdf2_sha256$870000$zpUw8iTdJm4TJtridT5oV0$fVWD5IbU1hFb8hBjfnKzxWlJPj4sS9CJRMyPbYX7eLc="}}, {"model": "store.userregistration", "pk": 14, "fields": {"username": "broggy", "email": "broggy@gmail.com", "gender": "M", "password": "pbkdf2_sha256$870000$p15njBxFYXai599zBi2gzZ$quY1CdwS+sPj5XVRSu4o/WvapvMei1PfdbSBDoGI+n4="}}, {"model": "store.userregistration", "pk": 16, "fields": {"username": "robin", "email": "robin@gmail.com", "gender": "F", "password": "pbkdf2_sha256$870000$YNhfesKRC6hGzyTY6fphPf$nmDKIyFNKMaPeqUPG3Qx0R7azlNE/nSBmNLWK5+CbsI="}}, {"model": "store.order", "pk": 1, "fields": {"user": 7, "product": 1, "quantity": 1, "total_price": "10000.00", "order_date": "2024-12-22T07:14:10.195Z"}}, {"model": "store.order", "pk": 2, "fields": {"user": 5, "product": 7, "quantity": 1, "total_price": "79500.00", "order_date": "2024-12-22T07:16:59.958Z"}}, {"model": "store.order", "pk": 3, "fields": {"user": 7, "product": 1, "quantity": 1, "total_price": "10000.00", "order_date": "2024-12-22T07:19:37.395Z"}}, {"model": "store.order", "pk": 4, "fields": {"user": 8, "product": 8, "quantity": 1, "total_price": "96000.00", "order_date": "2024-12-22T11:27:33.058Z"}}, {"model": "store.order", "pk": 5, "fields": {"user": 8, "product": 6, "quantity": 1, "total_price": "35000.00", "order_date": "2024-12-22T11:32:25.637Z"}}, {"model": "store.order", "pk": 6, "fields": {"user": 8, "product": 4, "quantity": 1, "total_price": "25000.00", "order_date": "2024-12-22T11:34:51.486Z"}}, {"model": "store.order", "pk": 7, "fields": {"user": 9, "product": 7, "quantity": 1, "total_price": "79500.00", "order_date": "2024-12-23T04:57:44.119Z"}}, {"model": "store.order", "pk": 8, "fields": {"user": 5, "product": 9, "quantity": 1, "total_price": "65000.00", "order_date": "2024-12-23T05:26:29.509Z"}}, {"model": "store.order", "pk": 9, "fields": {"user": 3, "product": 8, "quantity": 1, "total_price": "96000.00", "order_date": "2024-12-23T05:38:07.304Z"}}, {"model": "store.order", "pk": 10, "fields": {"user": 3, "product": 12, "quantity": 1, "total_price": "1399.00", "order_date": "2024-12-23T06:35:19.130Z"}}, {"model": "store.order", "pk": 11, "fields": {"user": 3, "product": 1, "quantity": 1, "total_price": "10000.00", "order_date": "2024-12-23T06:48:26.053Z"}}, {"model": "store.order", "pk": 12, "fields": {"user": 3, "product": 11, "quantity": 1, "total_price": "1799.00", "order_date": "2024-12-23T07:03:48.082Z"}}, {"model": "store.order", "pk": 13, "fields": {"user": 3, "product": 12, "quantity": 1, "total_price": "1399.00", "order_date": "2024-12-23T07:04:08.647Z"}}, {"model": "store.order", "pk": 14, "fields": {"user": 6, "product": 12, "quantity": 1, "total_price": "1399.00", "order_date": "2024-12-23T07:16:23.222Z"}}, {"model": "store.order", "pk": 15, "fields": {"user": 6, "product": 12, "quantity": 1, "total_price": "1399.00", "order_date": "2024-12-24T05:45:49.353Z"}}, {"model": "store.order", "pk": 16, "fields": {"user": 10, "product": 5, "quantity": 1, "total_price": "30000.00", "order_date": "2024-12-24T10:06:49.256Z"}}, {"model": "store.order", "pk": 17, "fields": {"user": 3, "product": 4, "quantity": 1, "total_price": "25000.00", "order_date": "2024-12-26T06:23:06.144Z"}}, {"model": "store.order", "pk": 18, "fields": {"user": 3, "product": 2, "quantity": 1, "total_price": "20000.00", "order_date": "2024-12-26T07:10:30.420Z"}}, {"model": "store.order", "pk": 19, "fields": {"user": 3, "product": 7, "quantity": 1, "total_price": "79500.00", "order_date": "2024-12-27T06:48:07.031Z"}}, {"model": "store.order", "pk": 20, "fields": {"user": 8, "product": 3, "quantity": 1, "total_price": "30000.00", "order_date": "2024-12-31T07:16:54.404Z"}}, {"model": "store.order", "pk": 21, "fields": {"user": 3, "product": 1, "quantity": 1, "total_price": "10000.00", "order_date": "2025-01-01T04:18:34.561Z"}}, {"model": "store.order", "pk": 22, "fields": {"user": 3, "product": 1, "quantity": 1, "total_price": "10000.00", "order_date": "2025-01-01T04:19:19.353Z"}}, {"model": "store.order", "pk": 23, "fields": {"user": 3, "product": 1, "quantity": 1, "total_price": "10000.00", "order_date": "2025-01-01T04:19:22.626Z"}}, {"model": "store.order", "pk": 24, "fields": {"user": 3, "product": 1, "quantity": 1, "total_price": "10000.00", "order_date": "2025-01-01T04:19:54.211Z"}}, {"model": "store.order", "pk": 25, "fields": {"user": 3, "product": 1, "quantity": 1, "total_price": "10000.00", "order_date": "2025-01-01T04:20:38.283Z"}}, {"model": "store.order", "pk": 26, "fields": {"user": 3, "product": 1, "quantity": 1, "total_price": "10000.00", "order_date": "2025-01-01T04:21:47.919Z"}}, {"model": "store.order", "pk": 27, "fields": {"user": 3, "product": 1, "quantity": 1, "total_price": "10000.00", "order_date": "2025-01-01T04:22:06.370Z"}}, {"model": "store.order", "pk": 28, "fields": {"user": 11, "product": 3, "quantity": 1, "total_price": "30000.00", "order_date": "2025-01-05T12:28:10.232Z"}}, {"model": "store.order", "pk": 29, "fields": {"user": 12, "product": 6, "quantity": 1, "total_price": "35000.00", "order_date": "2025-01-06T03:14:51.851Z"}}, {"model": "store.order", "pk": 30, "fields": {"user": 12, "product": 7, "quantity": 1, "total_price": "79500.00", "order_date": "2025-01-06T03:27:02.214Z"}}, {"model": "store.order", "pk": 31, "fields": {"user": 12, "product": 1, "quantity": 1, "total_price": "10000.00", "order_date": "2025-01-06T06:16:09.009Z"}}, {"model": "store.order", "pk": 32, "fields": {"user": 12, "product": 10, "quantity": 1, "total_price": "4495.00", "order_date": "2025-01-06T06:46:37.188Z"}}, {"model": "store.order", "pk": 33, "fields": {"user": 3, "product": 10, "quantity": 1, "total_price": "4495.00", "order_date": "2025-01-07T05:06:55.234Z"}}, {"model": "payments.payment", "pk": 1, "fields": {"order_id": "order_PgRCZhOUgZFZ9X", "payment_id": null, "signature": null, "amount": "10000.00", "status": "created", "created_at": "2025-01-07T05:28:03.439Z", "product_name": null, "user": null}}, {"model": "payments.payment", "pk": 2, "fields": {"order_id": "order_PgRDmHnDHUSakF", "payment_id": "pay_PgRHX6atba1vf9", "signature": null, "amount": "10000.00", "status": "success", "created_at": "2025-01-07T05:29:11.793Z", "product_name": null, "user": null}}, {"model": "payments.payment", "pk": 3, "fields": {"order_id": "order_PgRKH6gvRtRZuy", "payment_id": null, "signature": null, "amount": "10000.00", "status": "created", "created_at": "2025-01-07T05:35:20.807Z", "product_name": null, "user": null}}, {"model": "payments.payment", "pk": 4, "fields": {"order_id": "order_PgRLLsz6xZ7Bhw", "payment_id": "pay_PgRLfDeCMwUwRJ", "signature": null, "amount": "79500.00", "status": "success", "created_at": "2025-01-07T05:36:21.986Z", "product_name": null, "user": null}}, {"model": "payments.payment", "pk": 5, "fields": {"order_id": "order_PgRNYIvhs0eueF", "payment_id": null, "signature": null, "amount": "79500.00", "status": "created", "created_at": "2025-01-07T05:38:26.974Z", "product_name": null, "user": null}}, {"model": "payments.payment", "pk": 6, "fields": {"order_id": "order_PgRP44ZCjZ0aUl", "payment_id": null, "signature": null, "amount": "79500.00", "status": "created", "created_at": "2025-01-07T05:39:52.955Z", "product_name": null, "user": null}}, {"model": "payments.payment", "pk": 7, "fields": {"order_id": "order_PgRPOfxcQr2ywf", "payment_id": null, "signature": null, "amount": "79500.00", "status": "created", "created_at": "2025-01-07T05:40:11.745Z", "product_name": null, "user": null}}, {"model": "payments.payment", "pk": 8, "fields": {"order_id": "order_PgRR1gONqQo41D", "payment_id": null, "signature": null, "amount": "79500.00", "status": "created", "created_at": "2025-01-07T05:41:44.310Z", "product_name": null, "user": null}}, {"model": "payments.payment", "pk": 9, "fields": {"order_id": "order_PgRRTvwVSGImkt", "payment_id": null, "signature": null, "amount": "79500.00", "status": "created", "created_at": "2025-01-07T05:42:10.177Z", "product_name": null, "user": null}}, {"model": "payments.payment", "pk": 10, "fields": {"order_id": "order_PgRUGL8UBkCHjC", "payment_id": null, "signature": null, "amount": "30000.00", "status": "created", "created_at": "2025-01-07T05:44:48.104Z", "product_name": null, "user": null}}, {"model": "payments.payment", "pk": 11, "fields": {"order_id": "order_PgRUNgBPNpJVse", "payment_id": null, "signature": null, "amount": "30000.00", "status": "created", "created_at": "2025-01-07T05:44:54.828Z", "product_name": null, "user": null}}, {"model": "payments.payment", "pk": 12, "fields": {"order_id": "order_PgRUeTMGYNQQ3Y", "payment_id": null, "signature": null, "amount": "30000.00", "status": "created", "created_at": "2025-01-07T05:45:10.227Z", "product_name": null, "user": null}}, {"model": "payments.payment", "pk": 13, "fields": {"order_id": "order_PgRWprnR8YZ3FX", "payment_id": null, "signature": null, "amount": "30000.00", "status": "created", "created_at": "2025-01-07T05:47:14.265Z", "product_name": null, "user": null}}, {"model": "payments.payment", "pk": 14, "fields": {"order_id": "order_PgRXnpsPzx6r1Z", "payment_id": null, "signature": null, "amount": "35000.00", "status": "created", "created_at": "2025-01-07T05:48:09.192Z", "product_name": null, "user": null}}, {"model": "payments.payment", "pk": 15, "fields": {"order_id": "order_PgRZ6RmuPEqhRv", "payment_id": "pay_PgRZKKhMs5uXLG", "signature": null, "amount": "65000.00", "status": "success", "created_at": "2025-01-07T05:49:23.049Z", "product_name": null, "user": null}}, {"model": "payments.payment", "pk": 16, "fields": {"order_id": "order_PgSEeu7JPFvQNk", "payment_id": null, "signature": null, "amount": "20000.00", "status": "created", "created_at": "2025-01-07T06:28:43.525Z", "product_name": null, "user": null}}, {"model": "payments.payment", "pk": 17, "fields": {"order_id": "order_PgSG9sgeoWTVGZ", "payment_id": "pay_PgSGb9Byk1CNLy", "signature": null, "amount": "79500.00", "status": "success", "created_at": "2025-01-07T06:30:08.664Z", "product_name": null, "user": null}}, {"model": "payments.payment", "pk": 18, "fields": {"order_id": "order_PgSHG8bzK09jDW", "payment_id": "pay_PgSHx1dUbpRmVD", "signature": null, "amount": "35000.00", "status": "success", "created_at": "2025-01-07T06:31:11.155Z", "product_name": null, "user": null}}, {"model": "payments.payment", "pk": 19, "fields": {"order_id": "order_PgSWjotgdY5KGV", "payment_id": "pay_PgSWxT7gq5rUnG", "signature": null, "amount": "1399.00", "status": "success", "created_at": "2025-01-07T06:45:50.356Z", "product_name": null, "user": null}}, {"model": "payments.payment", "pk": 20, "fields": {"order_id": "order_Pgw44yD3eEMz8l", "payment_id": "pay_Pgw4P9WHVfiQbb", "signature": null, "amount": "409.00", "status": "success", "created_at": "2025-01-08T11:39:32.758Z", "product_name": null, "user": null}}, {"model": "payments.payment", "pk": 21, "fields": {"order_id": "order_PgwDBpHtcvYovq", "payment_id": null, "signature": null, "amount": "599.00", "status": "created", "created_at": "2025-01-08T11:48:10.211Z", "product_name": null, "user": null}}, {"model": "payments.payment", "pk": 22, "fields": {"order_id": "order_PgwbnXhCzG0gZf", "payment_id": "pay_Pgwc3pc01ALzEQ", "signature": null, "amount": "1399.00", "status": "success", "created_at": "2025-01-08T12:11:28.296Z", "product_name": null, "user": 3}}, {"model": "payments.payment", "pk": 23, "fields": {"order_id": "order_Pgwesrzb6YKrZe", "payment_id": "pay_Pgwfefk6V9Ro6r", "signature": null, "amount": "499.00", "status": "success", "created_at": "2025-01-08T12:14:23.248Z", "product_name": 16, "user": 3}}, {"model": "payments.payment", "pk": 24, "fields": {"order_id": "order_PgxB8vIm4S7mp7", "payment_id": "pay_PgxBQxyCxQ0blP", "signature": null, "amount": "35000.00", "status": "success", "created_at": "2025-01-08T12:44:55.584Z", "product_name": 6, "user": 14}}, {"model": "payments.payment", "pk": 25, "fields": {"order_id": "order_PkOKbyMVj9fL8u", "payment_id": "pay_PkOKyj8HXU5wzs", "signature": null, "amount": "599.00", "status": "success", "created_at": "2025-01-17T05:15:46.243Z", "product_name": 13, "user": 12}}, {"model": "payments.payment", "pk": 26, "fields": {"order_id": "order_PmO3s0CzJNJSsS", "payment_id": "pay_PmO44yLWmfErhX", "signature": null, "amount": "96000.00", "status": "success", "created_at": "2025-01-22T06:18:01.105Z", "product_name": 8, "user": 3}}, {"model": "payments.payment", "pk": 27, "fields": {"order_id": "order_PmOB5sl3VRdZku", "payment_id": "pay_PmOBGtRmgn4Uym", "signature": null, "amount": "1799.00", "status": "success", "created_at": "2025-01-22T06:24:51.389Z", "product_name": 11, "user": 3}}, {"model": "payments.payment", "pk": 28, "fields": {"order_id": "order_PmOt81uDg6ZMdk", "payment_id": "pay_PmOtQBBrI2xpj1", "signature": null, "amount": "599.00", "status": "success", "created_at": "2025-01-22T07:06:32.595Z", "product_name": 13, "user": 16}}, {"model": "payments.payment", "pk": 29, "fields": {"order_id": "order_PmOzRGQlhMZnFq", "payment_id": "pay_PmOzd3EyjZREXP", "signature": null, "amount": "35000.00", "status": "success", "created_at": "2025-01-22T07:12:31.006Z", "product_name": 6, "user": 16}}]
